Actual_System_Dispatch|Unnamed_1
Actual_System_Dispatch|Unnamed_1
Actual_System_Dispatch|Unnamed_1
Actual_System_Dispatch|Unnamed_1
Actual_System_Dispatch|Unnamed_1
Actual_System_Dispatch|Unnamed_1
Actual_System_Dispatch|Unnamed_1
Actual_System_Dispatch|Unnamed_1
Actual_System_Dispatch|Unnamed_1
Actual_System_Dispatch|Unnamed_1
Actual_System_Dispatch|Unnamed_1
Actual_System_Dispatch|Unnamed_1
Actual_System_Dispatch|Unnamed_1
Actual_System_Dispatch|Unnamed_1
Actual_System_Dispatch|Unnamed_1
Actual_System_Dispatch|Unnamed_1
Actual_System_Dispatch|Unnamed_1
Actual_System_Dispatch|Unnamed_1
Actual_System_Dispatch|Unnamed_1
Actual_System_Dispatch|Unnamed_1
Actual_System_Dispatch|Unnamed_1
Actual_System_Dispatch|Unnamed_1
Actual_System_Dispatch|Unnamed_1
Actual_System_Dispatch|Unnamed_1
Actual_System_Dispatch|Unnamed_1
Actual_System_Dispatch|Unnamed_1
Actual_System_Dispatch|Unnamed_1
Actual_System_Dispatch|Unnamed_1
Actual_System_Dispatch|Unnamed_1
Actual_System_Dispatch|Unnamed_1
Actual_System_Dispatch|Unnamed_1
Actual_System_Dispatch|Unnamed_1
Actual_System_Dispatch|Unnamed_1
Actual_System_Dispatch|Unnamed_1
Actual_System_Dispatch|Unnamed_1
Actual_System_Dispatch|Unnamed_1
Actual_System_Dispatch|Unnamed_1
Actual_System_Dispatch|Unnamed_1
